target_group	barcode_region	assay_name	fwd_seq	rev_seq	min_read_length	max_read_length
Arthropod	COI	FwhF2_FwhR2n	GGDACWGGWTGAACWGTWTAYCCHCC	GTRATWGCHCCDGCTARWACWGG	0	205
Arthropod	COI	BF3_BR2	CCHGAYATRGCHTTYCCHCG	TCDGGRTGNCCRAARAAYCA	0	418
Arthropod	COI	FwhF2_EPTDr2n	GGDACWGGWTGAACWGTWTAYCCHCC	CAAACAAATARDGGTATTCGDTY	0	142
Universal	COI	mICOIintF_jgHCO2198	GGWACWGGWTGAACWGTWTAYCCYCC	TAIACYTCIGGRTGICCRAARAAYCA	0	313
Universal	COI	LCO1490_HCO2198	GGTCAACAAATCATAAAGATATTGG	TAAACTTCAGGGTGACCAAAAAATCA	0	658
Universal	COI	MG2-LCO1490_MG2-univR	TCHACHAAYCAYAARGAYATYGG	ACYATRAARAARATYATDAYRAADGCRTG	0	133
Arthropod	COI	fwhF2_Fol-degen-rev	GGDACWGGWTGAACWGTWTAYCCHCC	TANACYTCNGGRTGNCCRAARAAYCA	0	313
Universal	COI	MICOIntF_HCO2198	GGWACWGGWTGAACWGTWTAYCCYCC	 TAAACTTCAGGGTGACCAAAAAATCA	0	325
Universal	COI	BF2_BR2	GCHCCHGAYATRGCHTTYCC	TCDGGRTGNCCRAARAAYCA	0	419
Universal	COI	JgLCO1490_jgHCO2198	TITCIACIAAYCAYAARGAYATTGG	TAIACYTCIGGRTGICCRAARAAYCA	0	325
